{"stats":{"minecraft:broken":{"minecraft:shield":1},"minecraft:killed_by":{"minecraft:player":67},"minecraft:used":{"minecraft:stone_axe":5,"minecraft:wooden_axe":6,"minecraft:netherite_sword":35,"minecraft:diamond_sword":55,"minecraft:wooden_sword":41,"minecraft:stone_sword":28,"minecraft:potion":2,"minecraft:bow":218,"minecraft:iron_axe":4,"minecraft:melon_slice":86,"minecraft:shield":95,"minecraft:iron_sword":22,"minecraft:milk_bucket":21},"minecraft:custom":{"minecraft:time_since_rest":2478,"minecraft:crouch_one_cm":45973,"minecraft:sprint_one_cm":1326386,"minecraft:play_time":286154,"minecraft:deaths":79,"minecraft:damage_taken":19832,"minecraft:walk_one_cm":448865,"minecraft:sneak_time":13849,"minecraft:damage_blocked_by_shield":5515,"minecraft:walk_under_water_one_cm":63907,"minecraft:jump":8816,"minecraft:damage_dealt":10726,"minecraft:leave_game":8,"minecraft:walk_on_water_one_cm":29132,"minecraft:time_since_death":2379,"minecraft:climb_one_cm":6995,"minecraft:total_world_time":286154,"minecraft:damage_resisted":2811,"minecraft:swim_one_cm":111687,"minecraft:fall_one_cm":243181,"minecraft:fly_one_cm":3878900,"minecraft:player_kills":53},"minecraft:killed":{"minecraft:player":51}},"DataVersion":3105}