{"stats":{"minecraft:killed":{"minecraft:player":35},"minecraft:broken":{"minecraft:shield":1},"minecraft:killed_by":{"minecraft:player":50},"minecraft:custom":{"minecraft:time_since_rest":21164,"minecraft:crouch_one_cm":5287,"minecraft:sprint_one_cm":1080244,"minecraft:play_time":224255,"minecraft:deaths":50,"minecraft:damage_taken":19701,"minecraft:walk_one_cm":569192,"minecraft:sneak_time":4660,"minecraft:damage_blocked_by_shield":715,"minecraft:walk_under_water_one_cm":40519,"minecraft:jump":5660,"minecraft:damage_dealt":15150,"minecraft:leave_game":3,"minecraft:walk_on_water_one_cm":35963,"minecraft:time_since_death":21141,"minecraft:climb_one_cm":2142,"minecraft:total_world_time":224255,"minecraft:damage_resisted":1872,"minecraft:swim_one_cm":34560,"minecraft:fall_one_cm":127515,"minecraft:fly_one_cm":3257699,"minecraft:player_kills":36},"minecraft:used":{"minecraft:netherite_sword":6,"minecraft:stone_axe":22,"minecraft:wooden_axe":16,"minecraft:diamond_sword":10,"minecraft:wooden_sword":92,"minecraft:stone_sword":16,"minecraft:potion":5,"minecraft:iron_axe":13,"minecraft:melon_slice":8,"minecraft:crossbow":45,"minecraft:netherite_axe":5,"minecraft:shield":9,"minecraft:cooked_beef":30,"minecraft:iron_sword":20,"minecraft:diamond_axe":6}},"DataVersion":3105}