{"stats":{"minecraft:picked_up":{"minecraft:tripwire_hook":1,"minecraft:stone_button":1,"minecraft:redstone":3},"minecraft:used":{"minecraft:redstone_torch":1,"minecraft:lever":1,"minecraft:tripwire_hook":1,"minecraft:honey_block":1,"minecraft:potion":9,"minecraft:oak_slab":3,"minecraft:melon_slice":62,"minecraft:redstone":3,"minecraft:slime_block":4,"minecraft:crossbow":127,"minecraft:stone_button":2,"minecraft:ender_pearl":4,"minecraft:polished_diorite_slab":3,"minecraft:cooked_beef":4,"minecraft:stone":15,"minecraft:acacia_planks":4,"minecraft:observer":1,"minecraft:obsidian":2,"minecraft:polished_diorite":23},"minecraft:dropped":{"minecraft:glass_bottle":1,"minecraft:melon_slice":3},"minecraft:custom":{"minecraft:time_since_rest":86989,"minecraft:crouch_one_cm":8903,"minecraft:play_one_minute":150942,"minecraft:deaths":7,"minecraft:sprint_one_cm":324646,"minecraft:damage_taken":3844,"minecraft:walk_one_cm":228868,"minecraft:sneak_time":6736,"minecraft:walk_under_water_one_cm":21388,"minecraft:drop":4,"minecraft:jump":1575,"minecraft:damage_dealt":37,"minecraft:leave_game":10,"minecraft:walk_on_water_one_cm":7189,"minecraft:time_since_death":86969,"minecraft:damage_resisted":36352,"minecraft:swim_one_cm":19429,"minecraft:fall_one_cm":40608,"minecraft:fly_one_cm":5719118,"minecraft:player_kills":6},"minecraft:killed_by":{"minecraft:player":4}},"DataVersion":2586}