{"stats":{"minecraft:used":{"minecraft:netherite_sword":98,"minecraft:wooden_axe":12,"minecraft:diamond_sword":6,"minecraft:wooden_sword":125,"minecraft:stone_sword":31,"minecraft:bow":46,"minecraft:potion":48,"minecraft:iron_axe":20,"minecraft:melon_slice":7,"minecraft:shield":31,"minecraft:cooked_beef":29,"minecraft:iron_sword":44},"minecraft:killed_by":{"minecraft:player":48},"minecraft:custom":{"minecraft:time_since_rest":1898,"minecraft:crouch_one_cm":175966,"minecraft:play_time":228007,"minecraft:sprint_one_cm":1459754,"minecraft:deaths":48,"minecraft:damage_taken":19436,"minecraft:walk_one_cm":442918,"minecraft:damage_blocked_by_shield":2990,"minecraft:sneak_time":37632,"minecraft:walk_under_water_one_cm":20465,"minecraft:jump":4777,"minecraft:damage_dealt":17754,"minecraft:leave_game":9,"minecraft:walk_on_water_one_cm":23400,"minecraft:time_since_death":1877,"minecraft:climb_one_cm":295,"minecraft:total_world_time":228007,"minecraft:damage_resisted":3015,"minecraft:swim_one_cm":124897,"minecraft:fall_one_cm":137172,"minecraft:fly_one_cm":1825983,"minecraft:player_kills":86},"minecraft:killed":{"minecraft:player":79}},"DataVersion":3105}