{"stats":{"minecraft:killed":{"minecraft:player":1},"minecraft:killed_by":{"minecraft:player":11},"minecraft:custom":{"minecraft:time_since_rest":13906,"minecraft:crouch_one_cm":7333,"minecraft:play_time":52231,"minecraft:sprint_one_cm":189851,"minecraft:walk_one_cm":123374,"minecraft:damage_taken":3010,"minecraft:deaths":11,"minecraft:sneak_time":3600,"minecraft:walk_under_water_one_cm":7420,"minecraft:jump":607,"minecraft:damage_dealt":480,"minecraft:leave_game":1,"minecraft:time_since_death":13879,"minecraft:walk_on_water_one_cm":6213,"minecraft:total_world_time":52231,"minecraft:climb_one_cm":1712,"minecraft:damage_resisted":1334,"minecraft:swim_one_cm":26413,"minecraft:fall_one_cm":14169,"minecraft:fly_one_cm":252998,"minecraft:player_kills":1},"minecraft:used":{"minecraft:wooden_sword":12,"minecraft:iron_sword":7}},"DataVersion":3105}