{"stats":{"minecraft:killed_by":{"minecraft:player":7},"minecraft:custom":{"minecraft:jump":648,"minecraft:time_since_rest":284,"minecraft:damage_taken":3282,"minecraft:walk_one_cm":111946,"minecraft:damage_dealt":1428,"minecraft:crouch_one_cm":556,"minecraft:leave_game":3,"minecraft:sprint_one_cm":252778,"minecraft:play_time":30405,"minecraft:time_since_death":218,"minecraft:walk_on_water_one_cm":1901,"minecraft:deaths":7,"minecraft:sneak_time":70,"minecraft:total_world_time":30405,"minecraft:climb_one_cm":3924,"minecraft:damage_resisted":150,"minecraft:walk_under_water_one_cm":1534,"minecraft:swim_one_cm":8780,"minecraft:fall_one_cm":15478,"minecraft:fly_one_cm":168125,"minecraft:player_kills":3},"minecraft:used":{"minecraft:stone_sword":5,"minecraft:cooked_beef":1}},"DataVersion":3105}