{"stats":{"minecraft:picked_up":{"minecraft:wheat_seeds":4,"minecraft:melon_slice":3,"minecraft:stick":2,"minecraft:dandelion":1,"minecraft:stone_button":1,"minecraft:soul_torch":1,"minecraft:redstone":5,"minecraft:oak_sapling":2,"minecraft:light_gray_carpet":87},"minecraft:killed":{"minecraft:player":68},"minecraft:broken":{"minecraft:shield":1,"minecraft:fishing_rod":1},"minecraft:killed_by":{"minecraft:player":55},"minecraft:custom":{"minecraft:leave_game":21,"minecraft:time_since_death":21267,"minecraft:climb_one_cm":4429,"minecraft:damage_resisted":24205,"minecraft:time_since_rest":21289,"minecraft:damage_blocked_by_shield":1120,"minecraft:sprint_one_cm":2192389,"minecraft:damage_absorbed":4,"minecraft:damage_taken":26000,"minecraft:walk_one_cm":1378784,"minecraft:damage_dealt":2385,"minecraft:swim_one_cm":39721,"minecraft:fly_one_cm":10477211,"minecraft:player_kills":76,"minecraft:crouch_one_cm":33107,"minecraft:play_time":896043,"minecraft:deaths":64,"minecraft:sneak_time":29423,"minecraft:walk_under_water_one_cm":20867,"minecraft:jump":15049,"minecraft:walk_on_water_one_cm":24652,"minecraft:total_world_time":295050,"minecraft:fall_one_cm":264576},"minecraft:used":{"minecraft:light_blue_carpet":1,"minecraft:water_bucket":3,"minecraft:red_sand":5,"minecraft:smooth_quartz_slab":22,"minecraft:polished_blackstone":34,"minecraft:red_concrete":81,"minecraft:redstone":34,"minecraft:gray_carpet":25,"minecraft:ladder":1,"minecraft:oak_sign":4,"minecraft:light_gray_carpet":198,"minecraft:polished_diorite_slab":413,"minecraft:smooth_sandstone_slab":3,"minecraft:ender_pearl":17,"minecraft:shield":7,"minecraft:stone":93,"minecraft:cauldron":1,"minecraft:diamond_axe":3,"minecraft:smooth_quartz_stairs":116,"minecraft:soul_sand":7,"minecraft:white_carpet":29,"minecraft:cut_sandstone_slab":2,"minecraft:crossbow":72,"minecraft:lingering_potion":3,"minecraft:polished_diorite":3827,"minecraft:milk_bucket":1,"minecraft:bat_spawn_egg":7,"minecraft:obsidian":59,"minecraft:sticky_piston":4,"minecraft:glass":85,"minecraft:wooden_axe":6,"minecraft:honey_block":13,"minecraft:sea_lantern":148,"minecraft:black_concrete":19,"minecraft:light_gray_stained_glass":286,"minecraft:quartz_slab":5,"minecraft:grass_block":1,"minecraft:barrier":199,"minecraft:melon_slice":281,"minecraft:slime_block":6,"minecraft:string":2,"minecraft:quartz_block":221,"minecraft:stone_button":8,"minecraft:red_terracotta":28,"minecraft:smooth_quartz":4,"minecraft:tripwire_hook":2,"minecraft:fishing_rod":32,"minecraft:bow":601,"minecraft:potion":12,"minecraft:black_stained_glass":5,"minecraft:white_stained_glass":10,"minecraft:polished_diorite_stairs":221,"minecraft:magenta_glazed_terracotta":6,"minecraft:smooth_stone_slab":1,"minecraft:cooked_beef":29,"minecraft:white_concrete":55,"minecraft:observer":11,"minecraft:enchanted_golden_apple":4,"minecraft:bone_meal":1,"minecraft:splash_potion":3,"minecraft:gray_stained_glass":4}},"DataVersion":3105}