{"stats":{"minecraft:used":{"minecraft:black_concrete":54,"minecraft:bow":1,"minecraft:potion":1,"minecraft:command_block":6,"minecraft:polished_blackstone":1,"minecraft:barrier":1,"minecraft:quartz_block":2,"minecraft:oak_sign":9,"minecraft:ender_pearl":12,"minecraft:polished_blackstone_button":5,"minecraft:stone":3,"minecraft:white_concrete":34,"minecraft:beacon":1,"minecraft:bat_spawn_egg":3},"minecraft:killed_by":{"minecraft:player":3},"minecraft:custom":{"minecraft:time_since_rest":18284,"minecraft:crouch_one_cm":432,"minecraft:play_time":427068,"minecraft:sprint_one_cm":86302,"minecraft:deaths":32,"minecraft:damage_taken":3820,"minecraft:walk_one_cm":70231,"minecraft:sneak_time":1570,"minecraft:walk_under_water_one_cm":4108,"minecraft:drop":1,"minecraft:jump":416,"minecraft:damage_dealt":645,"minecraft:leave_game":68,"minecraft:walk_on_water_one_cm":3761,"minecraft:time_since_death":18229,"minecraft:total_world_time":64630,"minecraft:damage_resisted":8217,"minecraft:player_kills":1,"minecraft:fall_one_cm":20979,"minecraft:fly_one_cm":844634},"minecraft:dropped":{"minecraft:glass_bottle":1}},"DataVersion":3105}