{"stats":{"minecraft:killed_by":{"minecraft:player":22},"minecraft:picked_up":{"minecraft:quartz_block":1},"minecraft:dropped":{"minecraft:quartz_block":1},"minecraft:broken":{"minecraft:shield":2},"minecraft:custom":{"minecraft:time_since_rest":133156,"minecraft:crouch_one_cm":16875,"minecraft:play_time":261381,"minecraft:sprint_one_cm":495022,"minecraft:deaths":25,"minecraft:damage_taken":10508,"minecraft:walk_one_cm":254931,"minecraft:damage_blocked_by_shield":2403,"minecraft:sneak_time":6799,"minecraft:walk_under_water_one_cm":34756,"minecraft:drop":1,"minecraft:jump":2769,"minecraft:damage_dealt":2463,"minecraft:leave_game":11,"minecraft:walk_on_water_one_cm":8080,"minecraft:time_since_death":133130,"minecraft:climb_one_cm":8,"minecraft:total_world_time":219104,"minecraft:damage_resisted":1933,"minecraft:swim_one_cm":10940,"minecraft:fall_one_cm":73284,"minecraft:fly_one_cm":1107084,"minecraft:player_kills":16},"minecraft:killed":{"minecraft:player":15},"minecraft:used":{"minecraft:glass":10,"minecraft:netherite_sword":12,"minecraft:torch":1,"minecraft:wooden_sword":20,"minecraft:stone_sword":12,"minecraft:bow":109,"minecraft:black_stained_glass":25,"minecraft:melon_slice":69,"minecraft:ender_pearl":9,"minecraft:shield":29,"minecraft:cooked_beef":15,"minecraft:iron_sword":17,"minecraft:milk_bucket":1}},"DataVersion":3105}