{"stats":{"minecraft:broken":{"minecraft:shield":1},"minecraft:killed_by":{"minecraft:player":16},"minecraft:used":{"minecraft:netherite_sword":2,"minecraft:wooden_sword":35,"minecraft:stone_sword":8,"minecraft:potion":1,"minecraft:melon_slice":6,"minecraft:ender_pearl":2,"minecraft:shield":15,"minecraft:cooked_beef":4,"minecraft:iron_sword":11},"minecraft:custom":{"minecraft:time_since_rest":1805,"minecraft:crouch_one_cm":10588,"minecraft:play_time":63958,"minecraft:sprint_one_cm":288670,"minecraft:walk_one_cm":112700,"minecraft:damage_taken":4917,"minecraft:deaths":16,"minecraft:damage_blocked_by_shield":1115,"minecraft:sneak_time":4692,"minecraft:walk_under_water_one_cm":6157,"minecraft:jump":1136,"minecraft:damage_dealt":2777,"minecraft:leave_game":1,"minecraft:time_since_death":1778,"minecraft:walk_on_water_one_cm":10093,"minecraft:climb_one_cm":7551,"minecraft:total_world_time":63958,"minecraft:damage_resisted":480,"minecraft:swim_one_cm":3952,"minecraft:fall_one_cm":33302,"minecraft:fly_one_cm":511239,"minecraft:player_kills":5},"minecraft:killed":{"minecraft:player":4}},"DataVersion":3105}