{"stats":{"minecraft:broken":{"minecraft:shield":1},"minecraft:killed_by":{"minecraft:player":35},"minecraft:used":{"minecraft:diamond_sword":9,"minecraft:wooden_sword":39,"minecraft:stone_sword":24,"minecraft:potion":1,"minecraft:bow":395,"minecraft:melon_slice":31,"minecraft:shield":44,"minecraft:cooked_beef":36},"minecraft:custom":{"minecraft:time_since_rest":5308,"minecraft:crouch_one_cm":5004,"minecraft:sprint_one_cm":1401405,"minecraft:play_time":199261,"minecraft:deaths":37,"minecraft:damage_taken":15785,"minecraft:walk_one_cm":459296,"minecraft:sneak_time":2601,"minecraft:damage_blocked_by_shield":2680,"minecraft:walk_under_water_one_cm":20125,"minecraft:jump":4765,"minecraft:damage_dealt":6759,"minecraft:leave_game":8,"minecraft:walk_on_water_one_cm":16270,"minecraft:time_since_death":5281,"minecraft:climb_one_cm":2184,"minecraft:total_world_time":199261,"minecraft:damage_resisted":2088,"minecraft:swim_one_cm":23359,"minecraft:fall_one_cm":155530,"minecraft:fly_one_cm":2236170,"minecraft:player_kills":35},"minecraft:killed":{"minecraft:player":33}},"DataVersion":3105}