{"stats":{"minecraft:custom":{"minecraft:time_since_rest":7780,"minecraft:sprint_one_cm":1393280,"minecraft:damage_taken":28161,"minecraft:walk_one_cm":685844,"minecraft:drop":7,"minecraft:damage_dealt":4510,"minecraft:swim_one_cm":29292,"minecraft:fly_one_cm":2646078,"minecraft:player_kills":79,"minecraft:crouch_one_cm":40037,"minecraft:play_time":600437,"minecraft:deaths":122,"minecraft:sneak_time":19233,"minecraft:walk_under_water_one_cm":32995,"minecraft:jump":5288,"minecraft:leave_game":68,"minecraft:walk_on_water_one_cm":22034,"minecraft:time_since_death":7758,"minecraft:climb_one_cm":445,"minecraft:total_world_time":437065,"minecraft:damage_resisted":31140,"minecraft:fish_caught":33,"minecraft:fall_one_cm":136296},"minecraft:used":{"minecraft:deepslate_tiles":11,"minecraft:glass":60,"minecraft:lava_bucket":12,"minecraft:stone_sword":4,"minecraft:quartz_slab":9,"minecraft:tropical_fish":1,"minecraft:iron_block":9,"minecraft:grass_block":79,"minecraft:melon_slice":37,"minecraft:barrier":4,"minecraft:quartz_block":7,"minecraft:ender_pearl":7,"minecraft:quartz_stairs":6,"minecraft:deepslate_diamond_ore":1,"minecraft:polished_deepslate_slab":1,"minecraft:salmon":4,"minecraft:fishing_rod":81,"minecraft:potion":3,"minecraft:bow":978,"minecraft:deepslate_brick_slab":1,"minecraft:deepslate_tile_slab":22,"minecraft:cod":5,"minecraft:cooked_beef":50},"minecraft:picked_up":{"minecraft:fishing_rod":2,"minecraft:stick":1,"minecraft:salmon":10,"minecraft:bowl":1,"minecraft:lily_pad":1,"minecraft:pufferfish":5,"minecraft:bone":1,"minecraft:tropical_fish":1,"minecraft:bow":1,"minecraft:polished_blackstone_button":1,"minecraft:glass_bottle":1,"minecraft:cod":16},"minecraft:broken":{"minecraft:fishing_rod":2,"minecraft:bow":1},"minecraft:killed":{"minecraft:player":72},"minecraft:killed_by":{"minecraft:player":65},"minecraft:dropped":{"minecraft:glass_bottle":1,"minecraft:fishing_rod":1,"minecraft:salmon":3,"minecraft:cod":1,"minecraft:pufferfish":1}},"DataVersion":3218}