{"stats":{"minecraft:killed_by":{"minecraft:player":27},"minecraft:used":{"minecraft:fishing_rod":1,"minecraft:wooden_sword":20,"minecraft:stone_sword":7,"minecraft:potion":4,"minecraft:bow":202,"minecraft:melon_slice":7,"minecraft:lingering_potion":1},"minecraft:picked_up":{"minecraft:pufferfish":1},"minecraft:custom":{"minecraft:time_since_rest":1433,"minecraft:crouch_one_cm":18599,"minecraft:sprint_one_cm":739748,"minecraft:play_time":143032,"minecraft:deaths":29,"minecraft:damage_taken":9871,"minecraft:walk_one_cm":249164,"minecraft:sneak_time":7115,"minecraft:walk_under_water_one_cm":24828,"minecraft:jump":2807,"minecraft:damage_dealt":3890,"minecraft:leave_game":4,"minecraft:walk_on_water_one_cm":15437,"minecraft:time_since_death":1389,"minecraft:climb_one_cm":1473,"minecraft:total_world_time":143032,"minecraft:damage_resisted":1357,"minecraft:fish_caught":1,"minecraft:swim_one_cm":43534,"minecraft:fall_one_cm":89611,"minecraft:fly_one_cm":1099063,"minecraft:player_kills":12},"minecraft:killed":{"minecraft:player":12}},"DataVersion":3105}