{"stats":{"minecraft:picked_up":{"minecraft:arrow":1},"minecraft:used":{"minecraft:repeater":13,"minecraft:oak_fence":43,"minecraft:golden_sword":10,"minecraft:lever":6,"minecraft:diamond_sword":2,"minecraft:iron_bars":1,"minecraft:redstone_lamp":39,"minecraft:bow":306,"minecraft:comparator":15,"minecraft:daylight_detector":1,"minecraft:white_carpet":37,"minecraft:command_block":112,"minecraft:iron_block":11,"minecraft:redstone":56,"minecraft:barrier":171,"minecraft:white_stained_glass":19,"minecraft:stone_button":27,"minecraft:sign":16,"minecraft:sponge":1,"minecraft:chest":12,"minecraft:stone_slab":130,"minecraft:white_terracotta":286,"minecraft:ender_chest":2,"minecraft:stone":4,"minecraft:redstone_block":41,"minecraft:snowball":63,"minecraft:beacon":5},"minecraft:custom":{"minecraft:time_since_rest":502,"minecraft:crouch_one_cm":7299,"minecraft:play_one_minute":834054,"minecraft:deaths":62,"minecraft:sprint_one_cm":605532,"minecraft:damage_taken":75456,"minecraft:walk_one_cm":1612675,"minecraft:sneak_time":281,"minecraft:drop":1201,"minecraft:jump":4617,"minecraft:damage_dealt":8653,"minecraft:leave_game":23,"minecraft:time_since_death":10008,"minecraft:fall_one_cm":262619,"minecraft:fly_one_cm":3342491,"minecraft:player_kills":63}},"DataVersion":1483}