{"stat.crouchOneCm":5744,"stat.breakItem.minecraft.leather_boots":1,"stat.useItem.minecraft.command_block":3,"stat.useItem.minecraft.stained_glass":2,"achievement.openInventory":15,"stat.damageDealt":555,"achievement.exploreAllBiomes":{"value":0,"progress":["Plains"]},"stat.useItem.minecraft.iron_block":3,"stat.useItem.minecraft.stained_hardened_clay":9,"stat.fallOneCm":37430,"stat.flyOneCm":731649,"stat.useItem.minecraft.stone":1,"stat.useItem.minecraft.prismarine":11,"stat.drop":20,"stat.damageTaken":30165,"stat.timeSinceDeath":11597,"stat.useItem.minecraft.barrier":25,"stat.playOneMinute":74589,"stat.leaveGame":12,"stat.useItem.minecraft.golden_sword":3,"stat.useItem.minecraft.bow":104,"stat.walkOneCm":393934,"stat.deaths":32,"stat.jump":732,"stat.playerKills":15,"stat.useItem.minecraft.sea_lantern":9,"stat.sprintOneCm":215160}