{"stat.useItem.minecraft.redstone_block":13,"stat.crouchOneCm":57,"stat.useItem.minecraft.stained_glass":169,"achievement.openInventory":34,"stat.damageDealt":175,"stat.useItem.minecraft.fence":63,"achievement.exploreAllBiomes":{"value":0,"progress":["Plains"]},"stat.useItem.minecraft.redstone_lamp":44,"stat.useItem.minecraft.stained_hardened_clay":235,"stat.fallOneCm":17596,"stat.flyOneCm":2219220,"stat.drop":29,"stat.damageTaken":36430,"stat.useItem.minecraft.barrier":25,"stat.timeSinceDeath":170470,"stat.playOneMinute":380807,"stat.leaveGame":4,"stat.useItem.minecraft.golden_sword":1,"stat.useItem.minecraft.bow":32,"stat.deaths":24,"stat.walkOneCm":786926,"stat.jump":1492,"stat.playerKills":2,"stat.sprintOneCm":219133}