{"stats":{"minecraft:dropped":{"minecraft:redstone":1},"minecraft:custom":{"minecraft:time_since_rest":47187,"minecraft:crouch_one_cm":1751,"minecraft:sprint_one_cm":31675,"minecraft:play_time":47187,"minecraft:walk_one_cm":54847,"minecraft:sneak_time":1660,"minecraft:drop":1,"minecraft:jump":149,"minecraft:leave_game":5,"minecraft:time_since_death":47187,"minecraft:total_world_time":47285,"minecraft:fly_one_cm":398134},"minecraft:picked_up":{"minecraft:redstone":1},"minecraft:used":{"minecraft:blue_terracotta":2,"minecraft:light":22,"minecraft:cyan_terracotta":8,"minecraft:iron_bars":2,"minecraft:lime_terracotta":10,"minecraft:lime_concrete":26,"minecraft:yellow_stained_glass":3,"minecraft:red_stained_glass":3,"minecraft:blue_stained_glass":3,"minecraft:lime_stained_glass":3,"minecraft:red_concrete":29,"minecraft:white_stained_glass":28,"minecraft:yellow_concrete":26,"minecraft:chain":21,"minecraft:gray_concrete":1,"minecraft:white_concrete":100,"minecraft:blue_concrete":28,"minecraft:green_stained_glass":21}},"DataVersion":3700}